{
  "theta": 0,
  "mean": 248.4400676976,
  "variance": 1481.9714729183,
  "std_dev": 38.4963825952,
  "percentiles": {
    "p1": 145,
    "p5": 179,
    "p10": 203,
    "p25": 225,
    "p50": 249,
    "p75": 276,
    "p90": 299,
    "p95": 309,
    "p99": 325
  },
  "pmf": [
    [10, 0.000000000000000],
    [11, 0.000000000000000],
    [12, 0.000000000000000],
    [13, 0.000000000000000],
    [14, 0.000000000000000],
    [15, 0.000000000000000],
    [16, 0.000000000000000],
    [17, 0.000000000000000],
    [18, 0.000000000000000],
    [19, 0.000000000000000],
    [20, 0.000000000000000],
    [21, 0.000000000000000],
    [22, 0.000000000000000],
    [23, 0.000000000000000],
    [24, 0.000000000000000],
    [25, 0.000000000000000],
    [26, 0.000000000000000],
    [27, 0.000000000000000],
    [28, 0.000000000000000],
    [29, 0.000000000000000],
    [30, 0.000000000000000],
    [31, 0.000000000000000],
    [32, 0.000000000000000],
    [33, 0.000000000000000],
    [34, 0.000000000000000],
    [35, 0.000000000000000],
    [36, 0.000000000000000],
    [37, 0.000000000000000],
    [38, 0.000000000000000],
    [39, 0.000000000000000],
    [40, 0.000000000000000],
    [41, 0.000000000000000],
    [42, 0.000000000000000],
    [43, 0.000000000000000],
    [44, 0.000000000000000],
    [45, 0.000000000000000],
    [46, 0.000000000000000],
    [47, 0.000000000000000],
    [48, 0.000000000000000],
    [49, 0.000000000000000],
    [50, 0.000000000000001],
    [51, 0.000000000000001],
    [52, 0.000000000000003],
    [53, 0.000000000000007],
    [54, 0.000000000000014],
    [55, 0.000000000000029],
    [56, 0.000000000000056],
    [57, 0.000000000000111],
    [58, 0.000000000000218],
    [59, 0.000000000000425],
    [60, 0.000000000000824],
    [61, 0.000000000001548],
    [62, 0.000000000002794],
    [63, 0.000000000004878],
    [64, 0.000000000008690],
    [65, 0.000000000014998],
    [66, 0.000000000026963],
    [67, 0.000000000044260],
    [68, 0.000000000069568],
    [69, 0.000000000105119],
    [70, 0.000000000157715],
    [71, 0.000000000241636],
    [72, 0.000000000388462],
    [73, 0.000000000609890],
    [74, 0.000000001010267],
    [75, 0.000000001645658],
    [76, 0.000000002909336],
    [77, 0.000000004376906],
    [78, 0.000000006606286],
    [79, 0.000000009135102],
    [80, 0.000000011850056],
    [81, 0.000000015891275],
    [82, 0.000000022277317],
    [83, 0.000000029734569],
    [84, 0.000000042718921],
    [85, 0.000000057195592],
    [86, 0.000000076930288],
    [87, 0.000000103504229],
    [88, 0.000000142943471],
    [89, 0.000000195061982],
    [90, 0.000000274718479],
    [91, 0.000000374483090],
    [92, 0.000000510225248],
    [93, 0.000000677496586],
    [94, 0.000000903471012],
    [95, 0.000001176267790],
    [96, 0.000001566921424],
    [97, 0.000002037905433],
    [98, 0.000002691238286],
    [99, 0.000003449127568],
    [100, 0.000004455498574],
    [101, 0.000005571310559],
    [102, 0.000007034287544],
    [103, 0.000008652225536],
    [104, 0.000010733018120],
    [105, 0.000012965599027],
    [106, 0.000015761245469],
    [107, 0.000018643690175],
    [108, 0.000021939691848],
    [109, 0.000025455947523],
    [110, 0.000029277601116],
    [111, 0.000033494074597],
    [112, 0.000038000943343],
    [113, 0.000043089306078],
    [114, 0.000048274287478],
    [115, 0.000054435251463],
    [116, 0.000060988589490],
    [117, 0.000068873223752],
    [118, 0.000078020967619],
    [119, 0.000089037204539],
    [120, 0.000101914971634],
    [121, 0.000116716435724],
    [122, 0.000133155055937],
    [123, 0.000150830437145],
    [124, 0.000170109800905],
    [125, 0.000189835318766],
    [126, 0.000210044350503],
    [127, 0.000230334909756],
    [128, 0.000249823575174],
    [129, 0.000268979651788],
    [130, 0.000286974885349],
    [131, 0.000304683179713],
    [132, 0.000321596175711],
    [133, 0.000339034408638],
    [134, 0.000356559706454],
    [135, 0.000377367184919],
    [136, 0.000399561250316],
    [137, 0.000428048140803],
    [138, 0.000461028774659],
    [139, 0.000500524435120],
    [140, 0.000545197643024],
    [141, 0.000595100824423],
    [142, 0.000648389360530],
    [143, 0.000705009283148],
    [144, 0.000762834576331],
    [145, 0.000821556164616],
    [146, 0.000879333074069],
    [147, 0.000935552225849],
    [148, 0.000987500505876],
    [149, 0.001034267361524],
    [150, 0.001073424222718],
    [151, 0.001105092154441],
    [152, 0.001126967698324],
    [153, 0.001141218094443],
    [154, 0.001145741222117],
    [155, 0.001144898887287],
    [156, 0.001136638888250],
    [157, 0.001127240842980],
    [158, 0.001115386392100],
    [159, 0.001107313164878],
    [160, 0.001100751650158],
    [161, 0.001101245050023],
    [162, 0.001108292409362],
    [163, 0.001122747900302],
    [164, 0.001145015896393],
    [165, 0.001174437819292],
    [166, 0.001208968718305],
    [167, 0.001245360052319],
    [168, 0.001281584887165],
    [169, 0.001313410631771],
    [170, 0.001338708004015],
    [171, 0.001358519725551],
    [172, 0.001370165241079],
    [173, 0.001376959908447],
    [174, 0.001378859362978],
    [175, 0.001378296537701],
    [176, 0.001375677215740],
    [177, 0.001374113204993],
    [178, 0.001373748443255],
    [179, 0.001376620669196],
    [180, 0.001386279141960],
    [181, 0.001399629011722],
    [182, 0.001420336927637],
    [183, 0.001445856498447],
    [184, 0.001476321770765],
    [185, 0.001503948650155],
    [186, 0.001541332407855],
    [187, 0.001570118538303],
    [188, 0.001601915909654],
    [189, 0.001638141375785],
    [190, 0.001680969912185],
    [191, 0.001737629173700],
    [192, 0.001811726729348],
    [193, 0.001905130748512],
    [194, 0.002024917685554],
    [195, 0.002169641686383],
    [196, 0.002341203146770],
    [197, 0.002539050874723],
    [198, 0.002766260963034],
    [199, 0.003018595338996],
    [200, 0.003296749255551],
    [201, 0.003592206275402],
    [202, 0.003908577787424],
    [203, 0.004226686114997],
    [204, 0.004549839286619],
    [205, 0.004855788027527],
    [206, 0.005153057884082],
    [207, 0.005417411498687],
    [208, 0.005656770630508],
    [209, 0.005850031991800],
    [210, 0.006023932670570],
    [211, 0.006155996831889],
    [212, 0.006259641329963],
    [213, 0.006352021974981],
    [214, 0.006438822250595],
    [215, 0.006526482740513],
    [216, 0.006637198840557],
    [217, 0.006785096150618],
    [218, 0.006984791407383],
    [219, 0.007240468632113],
    [220, 0.007556130372559],
    [221, 0.007924363517230],
    [222, 0.008341938002902],
    [223, 0.008788344555959],
    [224, 0.009253888129064],
    [225, 0.009717097307085],
    [226, 0.010168967222888],
    [227, 0.010576755271339],
    [228, 0.010943594644945],
    [229, 0.011233682771868],
    [230, 0.011465865407685],
    [231, 0.011601839823071],
    [232, 0.011657291981175],
    [233, 0.011629895596508],
    [234, 0.011539484680903],
    [235, 0.011368543952214],
    [236, 0.011156937193911],
    [237, 0.010913839435343],
    [238, 0.010661915893217],
    [239, 0.010417302765114],
    [240, 0.010204222857351],
    [241, 0.010042560289906],
    [242, 0.009943849400134],
    [243, 0.009912904837699],
    [244, 0.009950162035903],
    [245, 0.010047239844175],
    [246, 0.010191201618772],
    [247, 0.010362595694282],
    [248, 0.010553869894373],
    [249, 0.010745441905305],
    [250, 0.010924618371884],
    [251, 0.011067755284886],
    [252, 0.011177312372467],
    [253, 0.011228572418656],
    [254, 0.011231539921023],
    [255, 0.011160610687735],
    [256, 0.011032478896975],
    [257, 0.010839720156123],
    [258, 0.010594187761098],
    [259, 0.010284642304016],
    [260, 0.009945187611724],
    [261, 0.009570647149165],
    [262, 0.009180604166073],
    [263, 0.008798708223961],
    [264, 0.008434066389517],
    [265, 0.008095805243169],
    [266, 0.007798747251381],
    [267, 0.007556639181921],
    [268, 0.007374872661960],
    [269, 0.007261711734909],
