{
  "mean": 248.2,
  "std": 38.5,
  "median": 248,
  "min": 101,
  "max": 344,
  "n": 10000,
  "kde": [
    [
      81.0,
      0.0
    ],
    [
      81.9,
      0.0
    ],
    [
      82.9,
      0.0
    ],
    [
      83.8,
      0.0
    ],
    [
      84.8,
      0.0
    ],
    [
      85.7,
      0.0
    ],
    [
      86.7,
      0.0
    ],
    [
      87.6,
      0.0
    ],
    [
      88.6,
      0.0
    ],
    [
      89.5,
      0.0
    ],
    [
      90.5,
      0.0
    ],
    [
      91.4,
      0.0
    ],
    [
      92.4,
      0.0
    ],
    [
      93.3,
      0.0
    ],
    [
      94.3,
      0.0
    ],
    [
      95.2,
      0.0
    ],
    [
      96.1,
      0.0
    ],
    [
      97.1,
      1e-06
    ],
    [
      98.0,
      5e-06
    ],
    [
      99.0,
      1.5e-05
    ],
    [
      99.9,
      3.1e-05
    ],
    [
      100.9,
      4.6e-05
    ],
    [
      101.8,
      4.8e-05
    ],
    [
      102.8,
      3.6e-05
    ],
    [
      103.7,
      1.9e-05
    ],
    [
      104.7,
      8e-06
    ],
    [
      105.6,
      4e-06
    ],
    [
      106.6,
      8e-06
    ],
    [
      107.5,
      1.7e-05
    ],
    [
      108.4,
      2.7e-05
    ],
    [
      109.4,
      3.4e-05
    ],
    [
      110.3,
      4.2e-05
    ],
    [
      111.3,
      6e-05
    ],
    [
      112.2,
      8.9e-05
    ],
    [
      113.2,
      0.000118
    ],
    [
      114.1,
      0.000131
    ],
    [
      115.1,
      0.000124
    ],
    [
      116.0,
      0.000107
    ],
    [
      117.0,
      9.7e-05
    ],
    [
      117.9,
      0.0001
    ],
    [
      118.9,
      0.000107
    ],
    [
      119.8,
      0.000106
    ],
    [
      120.8,
      0.000101
    ],
    [
      121.7,
      0.000103
    ],
    [
      122.6,
      0.000122
    ],
    [
      123.6,
      0.000154
    ],
    [
      124.5,
      0.000189
    ],
    [
      125.5,
      0.000219
    ],
    [
      126.4,
      0.000252
    ],
    [
      127.4,
      0.000298
    ],
    [
      128.3,
      0.000346
    ],
    [
      129.3,
      0.000369
    ],
    [
      130.2,
      0.000351
    ],
    [
      131.2,
      0.00031
    ],
    [
      132.1,
      0.000275
    ],
    [
      133.1,
      0.000267
    ],
    [
      134.0,
      0.000296
    ],
    [
      134.9,
      0.000355
    ],
    [
      135.9,
      0.000425
    ],
    [
      136.8,
      0.000498
    ],
    [
      137.8,
      0.000572
    ],
    [
      138.7,
      0.000617
    ],
    [
      139.7,
      0.000608
    ],
    [
      140.6,
      0.00058
    ],
    [
      141.6,
      0.000599
    ],
    [
      142.5,
      0.000676
    ],
    [
      143.5,
      0.000758
    ],
    [
      144.4,
      0.000793
    ],
    [
      145.4,
      0.000788
    ],
    [
      146.3,
      0.000792
    ],
    [
      147.3,
      0.000846
    ],
    [
      148.2,
      0.000938
    ],
    [
      149.1,
      0.001023
    ],
    [
      150.1,
      0.001076
    ],
    [
      151.0,
      0.001104
    ],
    [
      152.0,
      0.001096
    ],
    [
      152.9,
      0.001035
    ],
    [
      153.9,
      0.000937
    ],
    [
      154.8,
      0.000851
    ],
    [
      155.8,
      0.000821
    ],
    [
      156.7,
      0.000876
    ],
    [
      157.7,
      0.001007
    ],
    [
      158.6,
      0.001151
    ],
    [
      159.6,
      0.001222
    ],
    [
      160.5,
      0.001175
    ],
    [
      161.5,
      0.001058
    ],
    [
      162.4,
      0.000981
    ],
    [
      163.3,
      0.001018
    ],
    [
      164.3,
      0.001144
    ],
    [
      165.2,
      0.001277
    ],
    [
      166.2,
      0.001342
    ],
    [
      167.1,
      0.001305
    ],
    [
      168.1,
      0.001193
    ],
    [
      169.0,
      0.001081
    ],
    [
      170.0,
      0.00103
    ],
    [
      170.9,
      0.001045
    ],
    [
      171.9,
      0.001083
    ],
    [
      172.8,
      0.001105
    ],
    [
      173.8,
      0.001105
    ],
    [
      174.7,
      0.001123
    ],
    [
      175.6,
      0.001203
    ],
    [
      176.6,
      0.001347
    ],
    [
      177.5,
      0.001499
    ],
    [
      178.5,
      0.001574
    ],
    [
      179.4,
      0.00152
    ],
    [
      180.4,
      0.001379
    ],
    [
      181.3,
      0.00129
    ],
    [
      182.3,
      0.001361
    ],
    [
      183.2,
      0.001557
    ],
    [
      184.2,
      0.001745
    ],
    [
      185.1,
      0.001832
    ],
    [
      186.1,
      0.001829
    ],
    [
      187.0,
      0.001798
    ],
    [
      188.0,
      0.001764
    ],
    [
      188.9,
      0.001704
    ],
    [
      189.8,
      0.001641
    ],
    [
      190.8,
      0.001652
    ],
    [
      191.7,
      0.001765
    ],
    [
      192.7,
      0.001923
    ],
    [
      193.6,
      0.002054
    ],
    [
      194.6,
      0.002169
    ],
    [
      195.5,
      0.00232
    ],
    [
      196.5,
      0.002517
    ],
    [
      197.4,
      0.002728
    ],
    [
      198.4,
      0.002931
    ],
    [
      199.3,
      0.003131
    ],
    [
      200.3,
      0.003349
    ],
    [
      201.2,
      0.003615
    ],
    [
      202.2,
      0.003957
    ],
    [
      203.1,
      0.004367
    ],
    [
      204.0,
      0.004793
    ],
    [
      205.0,
      0.005157
    ],
    [
      205.9,
      0.005375
    ],
    [
      206.9,
      0.005451
    ],
    [
      207.8,
      0.005531
    ],
    [
      208.8,
      0.005739
    ],
    [
      209.7,
      0.00602
    ],
    [
      210.7,
      0.006242
    ],
    [
      211.6,
      0.006393
    ],
    [
      212.6,
      0.006563
    ],
    [
      213.5,
      0.00676
    ],
    [
      214.5,
      0.0069
    ],
    [
      215.4,
      0.006936
    ],
    [
      216.3,
      0.006934
    ],
    [
      217.3,
      0.007003
    ],
    [
      218.2,
      0.007201
    ],
    [
      219.2,
      0.007507
    ],
    [
      220.1,
      0.007837
    ],
    [
      221.1,
      0.008146
    ],
    [
      222.0,
      0.008533
    ],
    [
      223.0,
      0.009138
    ],
    [
      223.9,
      0.009889
    ],
    [
      224.9,
      0.010508
    ],
    [
      225.8,
      0.010866
    ],
    [
      226.8,
      0.011116
    ],
    [
      227.7,
      0.011365
    ],
    [
      228.7,
      0.011506
    ],
    [
      229.6,
      0.011475
    ],
    [
      230.5,
      0.011383
    ],
    [
      231.5,
      0.0113
    ],
    [
      232.4,
      0.011153
    ],
    [
      233.4,
      0.010894
    ],
    [
      234.3,
      0.010639
    ],
    [
      235.3,
      0.01054
    ],
    [
      236.2,
      0.010577
    ],
    [
      237.2,
      0.010583
    ],
    [
      238.1,
      0.010483
    ],
    [
      239.1,
      0.010335
    ],
    [
      240.0,
      0.010162
    ],
    [
      241.0,
      0.00995
    ],
    [
      241.9,
      0.009743
    ],
    [
      242.8,
      0.009629
    ],
    [
      243.8,
      0.009649
    ],
    [
      244.7,
      0.009819
    ],
    [
      245.7,
      0.010133
    ],
    [
      246.6,
      0.010497
    ],
    [
      247.6,
      0.010777
    ],
    [
      248.5,
      0.010968
    ],
    [
      249.5,
      0.011131
    ],
    [
      250.4,
      0.011225
    ],
    [
      251.4,
      0.011145
    ],
    [
      252.3,
      0.010941
    ],
    [
      253.3,
      0.010827
    ],
    [
      254.2,
      0.010926
    ],
    [
      255.2,
      0.01112
    ],
    [
      256.1,
      0.011263
    ],
    [
      257.0,
      0.011315
    ],
    [
      258.0,
      0.011213
    ],
    [
      258.9,
      0.010851
    ],
    [
      259.9,
      0.010237
    ],
    [
      260.8,
      0.009535
    ],
    [
      261.8,
      0.008935
    ],
    [
      262.7,
      0.008529
    ],
    [
      263.7,
      0.008293
    ],
    [
      264.6,
      0.008163
    ],
    [
      265.6,
      0.008067
    ],
    [
